{
    "lin-lin": [-0.088, [-0.20000000000000018, 0.10000000000000053, -0.09999999999999964, -0.2999999999999998, 0.0, -0.2999999999999998, -0.7000000000000002, -0.2999999999999998, 0.0, 0.09999999999999964, 0.0, -0.20000000000000018, 0.20000000000000018, -0.40000000000000036, 0.0, 0.40000000000000036, 0.09999999999999964, 0.0, -0.2999999999999998, 0.09999999999999964, 0.0, 0.0, 0.0, -0.6000000000000001, 0.20000000000000018]], 
    "test_ratings": [4.5, 4.1, 4.3, 4.5, 4.5, 4.5, 4.2, 4.5, 4.5, 4.2, 4.2, 4.7, 4.0, 4.2, 4.2, 3.8, 4.2, 4.2, 4.5, 4.5, 4.2, 4.2, 4.2, 4.2, 4.3], 
    "predictions_ratings": [4.3, 4.2, 4.2, 4.2, 4.5, 4.2, 3.5, 4.2, 4.5, 4.3, 4.2, 4.5, 4.2, 3.8, 4.2, 4.2, 4.3, 4.2, 4.2, 4.6, 4.2, 4.2, 4.2, 3.6, 4.5], 
    "parameters": "self.cf_alpha=0.5, self.cf_gamma=1, self.cf_decay_factor=1, self.cf_method='cosine', self.beta=0, self.cbr_alpha=0.6, self.cbr_beta=0.3, self.cbr_gamma=0.1, self.cbr_top_k=3"
} 