{"exp-exp": -0.3451092081513723, "exp-lin": -0.2511631010930988, "exp-log": -0.19643077619083296, "lin-exp": -0.34994610705827356, "lin-lin": -0.256, "lin-log": -0.20126767509773416, "log-exp": -0.3533736163460102, "log-lin": -0.25942750928773667, "log-log": -0.20469518438547085, "parameters": "self.cf_alpha=0.5, self.cf_gamma=1, self.cf_decay_factor=1, self.cf_method='cosine', self.beta=1, self.cbr_alpha=0.6, self.cbr_beta=0.3, self.cbr_gamma=0.1, self.cbr_top_k=3"}