{"exp-exp": -0.38064554415628266, "exp-lin": -0.2598121065479843, "exp-log": -0.19404602601701385, "lin-exp": -0.3888334376082983, "lin-lin": -0.26800000000000007, "lin-log": -0.20223391946902955, "log-exp": -0.3945192216938223, "log-lin": -0.273685784085524, "log-log": -0.20791970355455347, "parameters": "self.cf_alpha=1, self.cf_gamma=1, self.cf_decay_factor=1, self.cf_method='cosine', self.beta=1, self.cbr_alpha=0.6, self.cbr_beta=0.3, self.cbr_gamma=0.1, self.cbr_top_k=3"}