{"exp-exp": -0.4333568620492114, "exp-lin": -0.2705205558367437, "exp-log": -0.19408547322371245, "lin-exp": -0.44283630621246767, "lin-lin": -0.28, "lin-log": -0.20356491738696883, "log-exp": -0.44936692838801956, "log-lin": -0.286530622175552, "log-log": -0.2100955395625207, "parameters": "self.cf_alpha=0.5, self.cf_gamma=0.5, self.cf_decay_factor=1, self.cf_method='cosine', self.beta=1, self.cbr_alpha=0.6, self.cbr_beta=0.3, self.cbr_gamma=0.1, self.cbr_top_k=3"}