{"exp-exp": -0.3914271127619802, "exp-lin": -0.2708557546468864, "exp-log": -0.20624567083890152, "lin-exp": -0.39657135811509386, "lin-lin": -0.276, "lin-log": -0.21138991619201525, "log-exp": -0.4002231684884696, "log-lin": -0.2796518103733757, "log-log": -0.215041726565391, "parameters": "self.cf_alpha=0, self.cf_gamma=1, self.cf_decay_factor=1, self.cf_method='cosine', self.beta=1, self.cbr_alpha=0.6, self.cbr_beta=0.3, self.cbr_gamma=0.1, self.cbr_top_k=3"}