{"exp-exp": -0.3859963508007058, "exp-lin": -0.25653972799070474, "exp-log": -0.189841481678303, "lin-exp": -0.39345662281000104, "lin-lin": -0.26400000000000007, "lin-log": -0.19730175368759834, "log-exp": -0.398700730778539, "log-lin": -0.26924410796853804, "log-log": -0.20254586165613628, "parameters": "self.cf_alpha=0.5, self.cf_gamma=0.75, self.cf_decay_factor=1, self.cf_method='cosine', self.beta=1, self.cbr_alpha=0.6, self.cbr_beta=0.3, self.cbr_gamma=0.1, self.cbr_top_k=3"}