{"lin-lin": [-0.22800000000000004, [-0.2999999999999998, -0.2999999999999998, -0.09999999999999964, -0.2999999999999998, -0.2999999999999998, 0.0, 0.0, -0.20000000000000018, 0.0, 0.0, 0.0, -0.5, -0.20000000000000018, -0.40000000000000036, -0.30000000000000027, 0.0, -0.40000000000000036, -0.7000000000000002, -0.20000000000000018, 0.0, -0.7000000000000002, -0.40000000000000036, 0.0, -0.40000000000000036, 0.0]], "test_ratings": [4.5, 4.1, 4.3, 4.5, 4.5, 4.5, 4.2, 4.5, 4.5, 4.2, 4.2, 4.7, 4.0, 4.2, 4.2, 3.8, 4.2, 4.2, 4.5, 4.5, 4.2, 4.2, 4.2, 4.2, 4.3], "predictions_ratings": [4.2, 3.8, 4.2, 4.2, 4.2, 4.5, 4.2, 4.3, 4.5, 4.2, 4.2, 4.2, 3.8, 3.8, 3.9, 3.8, 3.8, 3.5, 4.3, 4.5, 3.5, 3.8, 4.2, 3.8, 4.3], "parameters": "self.cf_alpha=0, self.cf_gamma=0, self.cf_decay_factor=1, self.cf_method='cosine', self.beta=1, self.cbr_alpha=0.6, self.cbr_beta=0.3, self.cbr_gamma=0.1, self.cbr_top_k=3"}