{"lin-lin": [-0.508, [-0.7000000000000002, -0.2999999999999998, -0.5, -1.0, -0.2999999999999998, -0.2999999999999998, 0.09999999999999964, -0.2999999999999998, -1.5, 0.0, -1.5, -0.40000000000000036, -0.3999999999999999, -0.7000000000000002, -0.7000000000000002, 0.0, -0.40000000000000036, -1.6, -0.2999999999999998, -0.20000000000000018, -0.5, 0.0, -0.40000000000000036, -0.7000000000000002, -0.09999999999999964]], "test_ratings": [4.5, 4.1, 4.3, 4.5, 4.5, 4.5, 4.2, 4.5, 4.5, 4.2, 4.2, 4.7, 4.0, 4.2, 4.2, 3.8, 4.2, 4.2, 4.5, 4.5, 4.2, 4.2, 4.2, 4.2, 4.3], "predictions_ratings": [3.8, 3.8, 3.8, 3.5, 4.2, 4.2, 4.3, 4.2, 3.0, 4.2, 2.7, 4.3, 3.6, 3.5, 3.5, 3.8, 3.8, 2.6, 4.2, 4.3, 3.7, 4.2, 3.8, 3.5, 4.2], "parameters": "self.cf_alpha=0, self.cf_gamma=1, self.cf_decay_factor=1, self.cf_method='cosine', self.beta=0.5, self.cbr_alpha=0, self.cbr_beta=0.5, self.cbr_gamma=0.5, self.cbr_top_k=3"}